ImageNumber,ObjectNumber,AreaShape_Area,AreaShape_Center_X,AreaShape_Center_Y,AreaShape_Center_Z,AreaShape_Compactness,AreaShape_Eccentricity,AreaShape_EulerNumber,AreaShape_Extent,AreaShape_FormFactor,AreaShape_MajorAxisLength,AreaShape_MaxFeretDiameter,AreaShape_MaximumRadius,AreaShape_MeanRadius,AreaShape_MedianRadius,AreaShape_MinFeretDiameter,AreaShape_MinorAxisLength,AreaShape_Orientation,AreaShape_Perimeter,AreaShape_Solidity,Location_Center_X,Location_Center_Y,Location_Center_Z,Number_Object_Number
31,1,21468,443.0,95.0,1.0,1.3135017175356962,0.8464416005332975,1.0,0.5844972637425467,0.2747947399814882,236.04710522609892,232.4994623649698,53.71219600798314,17.81548729149709,15.620499351813308,139.72453171615496,125.6907319650108,-8.470361122737419,990.8239999999967,0.7778683624110005,406.9500652133408,103.25912986771009,0,1
31,2,2805,166.0,501.0,1.0,1.748848773506371,0.918022868002954,1.0,0.5059523809523809,0.428700560321159,103.75165491848823,100.66280345788111,19.313207915827967,6.696285787870226,6.0,51.11201579612974,41.14037853277989,-79.6992911616789,286.74399999999935,0.7438345266507558,168.09376114081996,484.59215686274507,0,2
31,3,6235,1156.0,506.0,1.0,1.3782411592530917,0.85637849534408,1.0,0.5546166162604519,0.25300826844239743,131.2253914312743,145.1240848377691,32.2490309931942,10.644254545553006,8.94427190999916,71.85335087325547,67.75804664046933,-83.35412652323177,556.4879999999982,0.7717061699362584,1153.8489174017643,498.4485966319166,0,3
31,4,3774,497.0,544.0,1.0,1.2610339412009235,0.816854179770642,1.0,0.5230044345898004,0.40263557066487404,95.23266455976434,106.25441167311595,26.019223662515376,8.862220388760006,7.280109889280518,57.07780533682918,54.9344116808758,-55.754274872488296,343.2019999999991,0.8037482696198487,502.1025437201908,536.6531531531532,0,4
31,5,11321,313.0,563.0,1.0,1.4179178605778717,0.8392674269538322,1.0,0.4957523208968296,0.26747733733443246,177.2914198047792,185.80904176062046,39.81205847478876,12.639685115379493,10.816653826391969,110.67248119982345,96.39668659911977,72.3084507547164,729.2959999999973,0.735416395998441,313.2890204045579,572.3579189117569,0,5
31,6,4038,138.0,597.0,1.0,1.0056956242039403,0.2864556178003726,1.0,0.727829848594088,0.8459444839109714,73.34258699050336,75.16648189186454,33.54101966249684,11.835688691148716,10.44030650891055,69.90609721437512,70.2690567984294,72.47217081417838,244.91599999999946,0.9678811121764141,137.78925210500248,595.282813273898,0,6
31,7,11246,829.0,661.0,1.0,1.0540018142411276,0.5050307788060446,1.0,0.6320818345323741,0.3186311107074077,131.29481962240635,147.3295625460145,46.69047011971501,14.909480765315028,12.529964086141668,124.90584689371148,113.32073394102521,63.12236981306113,665.9779999999978,0.8280991126983543,827.7479992886359,660.8656411168415,0,7
31,8,9078,512.0,823.0,1.0,1.10730645375081,0.7226641972395041,1.0,0.6205906480721903,0.5072285361331363,131.3923369689849,152.9477034806342,43.08131845707603,15.193608927896962,13.416407864998739,96.17740960146025,90.81828997989078,53.90680814125936,474.23999999999864,0.9019374068554398,509.92531394580305,821.6787838730997,0,8
31,9,3020,136.0,910.0,1.0,1.5089155966792551,0.8565682748080299,1.0,0.4683622828784119,0.26258797249243293,95.60247373957958,104.5609869884557,18.384776310850235,6.198756984541836,5.385164807134504,53.69469467588748,49.33409927719288,71.09070019252798,380.1639999999991,0.7223152355895719,143.5003311258278,919.6920529801324,0,9
32,1,5220,648.0,118.0,1.0,1.279911629754497,0.6253479483901369,1.0,0.4656556645851918,0.31215364567846227,102.67935537880494,123.01625908797584,30.0,9.181443114668925,7.211102550927978,92.06343289100008,80.12542844516851,-60.83173129243528,458.4119999999986,0.6862100696726698,652.8800766283525,119.33582375478927,0,1
32,2,2627,1209.0,167.0,1.0,1.4156527734645734,0.8393647249532656,1.0,0.44495257452574527,0.18423205316952498,85.39927976621978,104.9952379872535,18.867962264113206,6.095641466143682,5.0,57.30404738021431,46.42036973992083,-53.76499220068081,423.30399999999895,0.6525897404049187,1213.0133231823372,165.8222306813856,0,2
32,3,2128,1153.0,273.0,1.0,1.600039003465013,0.8109413390220542,1.0,0.481447963800905,0.18682119763341215,80.27947646680265,83.73768566183328,14.035668847618199,5.042122659309692,4.123105625617661,52.3070684684652,46.97372617017793,-52.811734803224034,378.33599999999916,0.6836947791164658,1161.373590225564,261.46663533834584,0,3
32,4,7746,127.0,448.0,1.0,1.279339949260752,0.8144036737496954,1.0,0.5379166666666667,0.42205659994678324,137.1658069895139,149.21461054467824,35.608987629529715,12.704894393521355,10.816653826391969,85.96328460008937,79.59714833980671,-78.32995018404321,480.23999999999853,0.8215516784218062,120.88949135037439,452.6447198554092,0,4
32,5,3586,1226.0,459.0,1.0,1.2150259847794984,0.3796248120166126,1.0,0.44836209052263065,0.1995554667539541,77.2253526676756,93.94147114027967,22.67156809750927,7.043396158932029,5.830951894845301,73.81650162672814,71.4443037737354,85.6096711104405,475.2019999999987,0.6546184738955823,1225.7526491912995,467.26882320133853,0,5
32,6,17791,321.0,460.0,1.0,1.195835727193859,0.440971069048706,1.0,0.4495401253284819,0.1541229409859857,172.88832692279206,239.2655428598109,41.012193308819754,13.875907387954292,12.041594578792296,162.96909245082898,155.17095904632654,-54.94449272864499,1204.401999999995,0.6475812616023003,315.51031420381094,492.35090776235177,0,6
33,1,6940,206.0,114.0,1.0,1.205246222580441,0.7325562631447021,1.0,0.5551111822108462,0.42138978064289956,120.45320720625064,135.2479205015737,33.52610922848042,11.727405796697216,10.0,91.0469065908544,81.99327951495029,-8.207217553683243,454.92799999999863,0.7354032001695454,198.5386167146974,121.32161383285303,0,1
33,2,3503,118.0,218.0,1.0,1.1595034617733189,0.6691231672854904,1.0,0.5712654924983692,0.4539549801000264,81.53113092463138,90.68627239003708,25.495097567963924,8.639699178334242,7.211102550927978,64.12208109850826,60.58998416598061,-38.5835628227923,311.3999999999994,0.787191011235955,117.5506708535541,213.7482158150157,0,2
33,3,8647,504.0,326.0,1.0,1.7108467257368347,0.9077290857305897,1.0,0.45592112200780344,0.31084142540972887,178.6451692431491,188.32153355365392,29.410882339705484,10.918250502329307,9.433981132056603,81.71059411236867,74.95179522216425,69.6253971226249,591.2459999999982,0.7319901803098281,495.72267838556724,311.56366369839253,0,3
33,4,4976,185.0,429.0,1.0,1.144844439521856,0.563776727907418,1.0,0.47014361300075586,0.353731647893487,92.73559616666763,108.85311203635843,31.144823004794873,9.98008195462586,8.06225774829855,88.0149114018762,76.59285472760574,-87.77193112716876,420.44399999999877,0.6793637790975494,186.4192122186495,424.83219453376205,0,4
33,5,2895,991.0,439.0,1.0,1.3387959360602923,0.8405614600362135,1.0,0.5366079703429101,0.2920264680899427,87.24740479983633,102.00490184299969,20.09975124224178,6.736301886540119,5.830951894845301,56.044007433719166,47.26333182778573,-31.826037660692123,352.9539999999991,0.7368287095953169,990.8801381692573,438.20034542314335,0,5
33,6,2364,591.0,495.0,1.0,1.7121324757900906,0.8892565559932938,1.0,0.33164983164983164,0.3323193503966639,92.20655528242412,104.75208828467335,16.55294535724685,6.162130241068756,5.385164807134504,47.669973776435675,42.17608650851443,-20.147467122410333,298.9859999999993,0.6331860184813178,602.5964467005076,495.4678510998308,0,6
33,7,12734,681.0,719.0,1.0,1.1237046081367197,0.7323062559463813,1.0,0.5548583877995643,0.4343847823318165,157.49337515746967,167.88686666919483,47.16990566028302,17.12709078952834,14.866068747318506,113.3791596756165,107.24912016956242,35.10066084329478,606.9459999999976,0.802470302801147,669.0261504633265,709.2676299670175,0,7
33,8,2376,1182.0,699.0,1.0,1.775596143870421,0.9042326479855535,1.0,0.4096551724137931,0.19972767343246423,95.19763196068334,103.83159442096611,16.0312195418814,5.2654604678392785,4.47213595499958,47.01151688461156,40.65321422051116,68.95371125833185,386.64199999999914,0.6241954551425193,1187.8371212121212,710.1851851851852,0,8
34,1,18591,971.0,151.0,1.0,1.317351082957441,0.8263245664054923,1.0,0.45718571709620304,0.347042743860812,217.16347923288868,220.14540649307222,54.67174773134658,18.494610036780337,16.278820596099706,145.99334634609264,122.30521273489911,-68.30105730650631,820.4739999999969,0.7812165143397416,983.8931203270399,127.94750147921037,0,1
34,2,6492,643.0,196.0,1.0,1.7513601839510724,0.9200022359277213,1.0,0.27958656330749354,0.19477242120435212,158.14227578480245,204.41379601191306,28.231188426986208,9.209145280789697,7.615773105863909,69.64517920908834,61.97803114509623,-52.39364933436056,647.1879999999977,0.664109252723646,655.8638324091189,181.60720887245841,0,2
34,3,3426,794.0,366.0,1.0,1.603458364753363,0.8114081527700615,1.0,0.35844318895166355,0.21150312792325807,101.96927695283209,123.4908903522847,20.615528128088304,6.49076444323038,5.385164807134504,75.2374067824807,59.59899769135472,-69.3423634563359,451.16999999999877,0.5214611872146119,797.2002335084646,363.7373029772329,0,3
34,4,3728,1014.0,527.0,1.0,1.1789833735319442,0.614653304126927,1.0,0.4109347442680776,0.3299270145791124,82.9604530914047,110.11357772772621,26.627053911388696,8.876333886748746,7.280109889280518,75.43352711874648,65.43898851702245,-9.484568526448971,376.81999999999897,0.6497037295224817,1013.1059549356223,529.1099785407725,0,4
34,5,3430,141.0,663.0,1.0,1.7975372485495047,0.9125295349252865,1.0,0.4230911557912915,0.31627531574163276,115.80034592660138,120.59850745345068,18.973665961010276,6.829151073290422,6.0,57.086041253489576,47.363594020732684,72.3993287102324,369.163999999999,0.6849725411882177,148.00291545189503,670.6198250728863,0,5
35,1,5717,781.0,550.0,1.0,1.5577669429648646,0.9000215090432131,1.0,0.4073097748646338,0.2401027044942342,137.8203120571619,142.0563268566381,25.059928172283335,8.843664173730291,7.810249675906654,61.02281363378604,60.068360192448694,-47.70025079207087,547.0039999999983,0.7963504666388076,784.9237362252929,552.1663459856568,0,1
35,2,8600,281.0,646.0,1.0,1.2853821546716446,0.6861269239730812,1.0,0.4985507246376812,0.30596621253786743,135.44287906960096,142.68847185389575,35.22782990761707,11.210765003115581,9.219544457292887,115.09556837513068,98.53223643221364,-16.623353419677468,594.3159999999982,0.7402625349687969,287.6231395348837,634.22,0,2
35,3,4789,577.0,733.0,1.0,2.627115771746194,0.9675653620172848,1.0,0.6105303416624172,0.32196740022280324,173.21758700665907,151.58495967608397,19.209372712298546,7.28618457258773,7.0,51.79337955649367,43.7583659631127,87.8531624840583,432.3359999999991,0.6954690676735403,580.4458133221967,784.2081854249321,0,3
35,4,7465,135.0,846.0,1.0,1.1793576222479565,0.7425988571156231,1.0,0.4989973262032086,0.3674888977943569,124.20452070635938,151.15885683611134,38.0,12.726523314413939,11.0,100.585583149735,83.18429708553512,26.508406626058363,505.23999999999864,0.7485960689931809,144.8020093770931,845.5401205626256,0,4
35,5,2588,170.0,942.0,1.0,1.5552340509300757,0.8414364676830957,1.0,0.443758573388203,0.4054168218450492,88.95852305750975,92.35799911215054,17.69180601295413,6.2716317372344434,5.830951894845301,55.924945926382705,48.06927696303695,-40.60050592989035,283.22799999999944,0.7517792302106028,174.2774343122102,936.1074188562596,0,5
35,6,11300,942.0,929.0,1.0,1.2753849370449275,0.7759651504537611,1.0,0.5502532138683288,0.41031201467046724,161.73569141263346,174.73408368146153,42.20189569201838,14.534205945450635,13.0,115.25840533340725,102.01895698754787,46.26172722087323,588.2839999999981,0.7997169143665959,941.5249557522123,935.2799115044248,0,6
35,7,4302,93.0,967.0,1.0,2.042624600225041,0.8594812702239155,1.0,0.314266929651545,0.24924303579555607,132.97699217163068,135.9154148726332,19.849433241279208,6.659126960743063,5.830951894845301,90.0281670321428,67.97348192685261,37.407106454968236,465.7239999999985,0.5079402562134718,72.44630404463041,952.1008833100883,0,7
36,1,5133,401.0,346.0,1.0,1.1079719825891496,0.625882806167758,1.0,0.4929415154134255,0.37748075382170526,94.7622842515951,118.87808881370864,33.015148038438355,10.931636002106465,9.219544457292887,76.02631123499285,73.90672774974826,-67.19151777631262,413.3739999999989,0.739305775601325,402.135593220339,348.85310734463275,0,1
36,2,3120,1088.0,565.0,1.0,1.1507846851792258,0.7981134277656373,1.0,0.6414473684210527,0.7497748711922834,81.80885224009745,80.23091673413684,23.021728866442675,9.210388804205577,8.48528137423857,49.90608827647007,49.29042456011242,-30.57576210273085,228.67399999999955,0.9386281588447654,1098.8166666666666,559.0352564102565,0,2
36,3,12417,755.0,618.0,1.0,1.3267776733053551,0.8305065866560716,1.0,0.5092691329669429,0.31414257340333673,178.60204336627223,172.80046296234278,36.76955262170047,14.408945187576766,13.0,118.00808124235324,99.4829108539591,-23.214520739306117,704.7739999999978,0.7394812851740464,757.5203350245631,609.5624546992027,0,3
36,4,6059,314.0,642.0,1.0,1.2646588506161622,0.7703167949320535,1.0,0.39903846153846156,0.4036557639158263,117.59574977095717,147.87156589419075,30.23243291566195,10.793574310417581,9.219544457292887,82.53994765541091,74.98626807205639,67.34819734826408,434.30999999999847,0.7259765156961419,321.4342300709688,646.7667932001981,0,4
37,1,7274,739.0,422.0,1.0,1.1327163245020524,0.6618561986492414,1.0,0.5001375137513752,0.36407413360983704,115.71687453510474,144.53373308677806,39.56008088970496,12.694311772623337,10.63014581273465,98.31722190629394,86.74493600989517,85.30164163376014,501.06799999999856,0.7904373811464276,740.3205938960682,426.3394281000825,0,1
37,2,3186,46.0,520.0,1.0,1.1414551178219348,0.7918853915386393,1.0,0.6654135338345865,0.7808723234877136,82.0358041935626,80.05623023850174,23.600847442411894,9.44744382589675,8.54400374531753,50.47771785649585,50.09678290295741,-30.70224655271179,226.4319999999996,0.9462429462429461,57.72504708097929,513.6104833647206,0,2
37,3,2722,823.0,585.0,1.0,2.084296634704238,0.9113521142618624,1.0,0.2870399662554044,0.13973503628766276,110.9857524124193,117.83462988442744,17.46424919657298,5.008538336695003,4.0,55.90853875645788,45.684804662807835,-27.005635829530906,494.7619999999986,0.5405620097309105,813.0235121234386,587.5470242468773,0,3
37,4,6627,876.0,705.0,1.0,1.679394524878136,0.7803935774054857,1.0,0.27488800398208063,0.128423290914302,142.49344767103076,191.55155963865187,28.0,8.242923383383348,6.708203932499369,110.63469849534633,89.09953194178648,-30.227730763329635,805.2699999999968,0.5139400519601379,867.7593179417535,713.3662290629244,0,4
37,5,3699,744.0,804.0,1.0,1.2141063200642344,0.6686798805528009,1.0,0.37443061038566655,0.41039808826633706,85.7091399598631,112.80514172678478,27.65863337187866,8.988984159431567,7.211102550927978,71.96706994516857,63.729066453728414,70.04330019616363,336.545999999999,0.6872271249419414,748.0083806434171,804.7339821573398,0,5
37,6,8165,1068.0,946.0,1.0,1.5076080312133764,0.47226668908633396,1.0,0.3478612815269257,0.07274264810098027,132.58535161826293,164.23458831805192,27.730849247724095,7.382086032133478,5.0,129.25608355174288,116.86811567404676,20.722663890311047,1187.6499999999949,0.5657566518847007,1077.9728107777098,931.5431720759339,0,6
38,1,10536,338.0,184.0,1.0,1.1133665374565838,0.7668255993715338,1.0,0.655223880597015,0.6969403074047255,145.1965898344066,144.80676779764127,44.04543109109048,17.03098964851819,15.524174696260024,92.76921843064181,93.19523171961507,50.68422472902692,435.8579999999988,0.946971058781233,350.2312072892939,199.3112186788155,0,1
38,2,4235,759.0,318.0,1.0,1.7440570513229394,0.7032888875825583,1.0,0.3021978021978022,0.17208702117153007,111.60575779268872,153.0130713370593,22.80350850198276,6.758582564365468,5.0990195135927845,87.32265329576073,79.34099874266575,6.469708586207075,556.1059999999983,0.4641350210970464,760.1891381345927,310.3926800472255,0,2
38,3,10919,1014.0,459.0,1.0,1.1552393575857896,0.760777743067355,1.0,0.5555046805046805,0.22040818329825873,150.07185460551634,165.5294535724685,45.12205669071391,15.342939314357716,13.038404810405298,124.61021784275007,97.39850959463418,7.261981245343487,789.0099999999977,0.7272303440007992,1012.9756387947614,459.46606832127486,0,3
38,4,6125,915.0,526.0,1.0,1.3666972879312635,0.7185477236086002,1.0,0.4739978331527627,0.2797298822917882,119.67263492999537,148.92279879185725,29.732137494637012,9.648587449741308,8.06225774829855,85.56499807855916,83.22964353395845,80.33122730841741,524.5519999999985,0.690218616182105,915.2765714285714,527.4914285714286,0,4
38,5,5660,368.0,739.0,1.0,2.102799178472589,0.9419213964363614,1.0,0.310989010989011,0.18757873381502907,164.73480047268376,175.36248173426378,23.53720459187964,7.8645100425703305,7.0,85.772614252301,55.32345068684415,-43.935802318734794,615.7739999999975,0.5381507012122653,376.4047703180212,738.3339222614841,0,5
38,6,8081,498.0,791.0,1.0,1.1201842569777765,0.29179031056831417,1.0,0.5522826681246583,0.3164415780730847,109.5410539563937,142.00352108310554,41.0,12.996176413404985,10.770329614269007,108.14414524799555,104.77408063242528,6.362118376499587,566.4879999999982,0.7092951812516457,496.2254671451553,789.3791609949263,0,6
38,7,3288,502.0,869.0,1.0,1.7308835400280518,0.8956852701147254,1.0,0.5066255778120184,0.2310398222215923,109.83818577641536,116.1077086157504,15.811388300841896,5.991868637942912,5.0990195135927845,57.45852224912406,48.843782381747026,-6.2537713911777555,422.8899999999988,0.6108685555039479,497.1094890510949,870.5252433090025,0,7
39,1,5361,889.0,149.0,1.0,1.4912733565200704,0.8349006141914223,1.0,0.4878958864215508,0.39556348921209683,124.80031104451344,134.35028842544403,26.92582403567252,9.343974328305093,8.246211251235321,77.7445379115098,68.69018239816187,-88.47636494757141,412.6859999999988,0.7751590514748409,896.0432755083007,138.5239694086924,0,1
39,2,4032,965.0,146.0,1.0,2.127386577303017,0.9584330922702463,1.0,0.34963579604578565,0.28941572510636115,141.87888504384728,143.0314650697531,19.924858845171276,7.085400608174762,6.4031242374328485,48.59151299491646,40.48051183541368,-56.88976218940131,418.4119999999986,0.7447358699667529,968.5391865079365,134.40798611111111,0,2
39,3,7216,277.0,192.0,1.0,1.562120424885243,0.9002663996806299,1.0,0.3822033898305085,0.22000006194238472,155.06853227956958,170.66048165876012,27.65863337187866,9.662225313459906,8.48528137423857,86.03659177153936,67.50744472476327,-69.26228869680169,642.0099999999978,0.6336216358607366,283.4934866962306,183.28118070953437,0,3
39,4,12762,1133.0,360.0,1.0,1.0354943065438176,0.4620137221944998,1.0,0.6144439094848339,0.3836689158876865,137.0022153759308,154.0519392932137,55.00909015790027,17.890485753021395,15.231546211727817,127.88050488409782,121.50353504496941,-73.38839706927625,646.5259999999981,0.8525334847523297,1133.2442407146216,357.1256856292117,0,4
39,5,6736,991.0,456.0,1.0,1.1289708075291622,0.6752886214722439,1.0,0.524692319675962,0.3720806615268205,111.81992555168047,143.17821063276352,37.33630940518894,12.015580505976942,10.0,89.44271909999159,82.47318597686825,-68.78394605995264,476.96599999999853,0.7522894795622068,990.9300771971497,455.02746437054634,0,5
39,6,16510,376.0,911.0,1.0,1.4869105191816823,0.8560608357209618,1.0,0.46737438075017695,0.2931697609447183,221.66956442679748,226.87441459979573,44.721359549995796,15.072842228473547,13.601470508735444,131.03675776286934,114.57547325048431,68.57061664938314,841.2379999999966,0.7085532809750655,361.32489400363414,872.9266505148395,0,6
40,1,5609,469.0,70.0,1.0,1.4020840616121417,0.6210447950772455,1.0,0.4748962831258996,0.2517734501310717,111.2065261111983,127.4244874425634,25.0,8.182314617659094,6.708203932499369,91.21677477306463,87.1609029400692,28.124397912146588,529.1059999999984,0.6581788312602675,468.48796576929936,64.09591727580674,0,1
40,2,5173,1227.0,94.0,1.0,1.1022873840387668,0.6160133356986205,1.0,0.5992123248001854,0.5774928109142597,94.52684746471665,99.92997548283498,31.0,11.063883083886383,9.848857801796104,82.2176190298425,74.46217458759598,-44.813768722012824,335.50799999999913,0.850612513360191,1229.30485211676,91.4276048714479,0,2
40,3,6312,368.0,284.0,1.0,1.7176936621388121,0.9110736514910249,1.0,0.4591881274552597,0.28131383002360355,153.3491925955008,174.94284781036347,29.732137494637012,9.744805488732949,8.06225774829855,72.01987372858304,63.21722615467861,-9.609359006327672,530.9979999999985,0.7490210039159844,362.0503802281369,289.2271863117871,0,3
40,4,14496,95.0,315.0,1.0,1.050562085529211,0.5436083234096398,1.0,0.5846575784463983,0.38517220832685367,150.5623867394973,160.04999218994044,56.00892785976178,18.434934670395386,15.652475842498529,136.65988862061837,126.37288615498909,-57.02945275896217,687.7039999999978,0.8376043683009272,99.5051738410596,308.3240894039735,0,4
40,5,14031,722.0,383.0,1.0,1.016503727960731,0.26168927990172763,1.0,0.7014798520147986,0.5591254380254403,136.87970968316495,148.22280526288793,58.0,19.74406460227109,17.029386365926403,134.95864456360013,132.10974950537334,-66.56729044588172,561.5579999999982,0.9021700691207203,722.9355712351222,382.43831515929014,0,5
40,6,4185,753.0,764.0,1.0,1.703751079036939,0.800918320761263,1.0,0.35586734693877553,0.2661932078664705,115.43034648798205,134.6291201783626,23.0,7.448887874462949,6.082762530298219,77.20078049834821,69.11664598695897,52.397710915946554,444.4819999999984,0.5619335347432024,755.8979689366786,762.4528076463561,0,6
40,7,5053,1098.0,763.0,1.0,1.635481577290142,0.33576329945667893,1.0,0.3603622878334046,0.2894030722859156,105.43069721444249,130.034610777285,25.553864678361276,8.169766894030186,7.0710678118654755,106.16922473474311,99.31006492196505,22.39031760912951,468.4119999999987,0.6178772315969674,1097.443696813774,766.0649119335048,0,7
40,8,3720,941.0,799.0,1.0,1.2197025721368393,0.7421437155482632,1.0,0.4967948717948718,0.35982527127736874,89.17587285225805,105.32331175955302,25.238858928247925,8.476626033286724,7.211102550927978,64.64079866760804,59.76930673050075,-65.68071761060467,360.4379999999991,0.7352505188259709,940.9193548387096,803.3217741935484,0,8
41,1,17311,886.0,385.0,1.0,1.0397489628036507,0.5871433696499794,1.0,0.6679399621869815,0.3105733078324746,166.09113830824464,186.70297265978385,65.05382386916237,21.475177261899127,18.384776310850235,144.8972049419864,134.44794636454807,-47.944061501996444,836.9199999999971,0.8498907626973022,884.5942464329039,388.0871122407718,0,1
41,2,6921,207.0,455.0,1.0,1.114429287981116,0.614376296267614,1.0,0.48009156492785793,0.2819994679530425,109.85251565795642,136.194713553794,37.013511046643494,11.925586390661714,10.0,98.7622454791074,86.67508050845143,-78.38851412656906,555.3479999999983,0.7340120903595293,204.62187545152435,459.31108221355294,0,2
41,3,10540,294.0,657.0,1.0,1.0967334030549372,0.6356833746311987,1.0,0.5421810699588477,0.32636694161501617,135.57764032943095,152.74161188098023,44.94441010848846,15.629942800190452,13.45362404707371,111.80498786308856,104.65914581616359,25.5750724726706,637.0479999999978,0.7865671641791044,305.5623339658444,658.0600569259962,0,3
41,4,2487,296.0,894.0,1.0,1.4441375645452348,0.8015805752278266,1.0,0.3329317269076305,0.18188933823564998,81.98850398727606,90.60905032059435,15.811388300841896,5.340802496156328,4.47213595499958,54.523034344200894,49.019841255374516,36.341496491635134,414.5139999999987,0.6068814055636896,292.5922798552473,892.5199034981906,0,4
42,1,8793,415.0,351.0,1.0,1.087088969369056,0.3196604500158965,1.0,0.5315881748382807,0.4798556331949698,113.06585632620197,141.4390328021229,42.941821107167776,14.186091694456481,12.083045973594572,104.1074178231206,107.1335352138693,-82.47912626001289,479.8639999999985,0.8063643449951856,417.9294893665416,348.42397361537587,0,1
42,2,10221,455.0,482.0,1.0,1.1352399166866258,0.7314070365103662,1.0,0.5118689903846154,0.2693366063998648,141.76937238464362,163.783393541592,39.6232255123179,14.023315170060071,12.083045973594572,108.32726831634653,96.6783703854499,-27.86046303323799,690.5639999999978,0.7649590240616698,446.04559240778786,486.4073965365424,0,2
42,3,8575,612.0,535.0,1.0,1.0920769789049651,0.6368202128965486,1.0,0.5690112806901128,0.4383706398463027,122.09428368999319,141.38246001537814,39.81205847478876,14.011883487430831,12.041594578792296,105.13294935778383,94.13619841942852,11.609465741021406,495.7939999999984,0.7890136179609863,611.5373760932945,538.7921865889213,0,3
42,4,18098,1028.0,576.0,1.0,1.0303636746421962,0.4755105305426441,1.0,0.6729882492934702,0.3870230311120853,163.30444682256046,180.31361568112376,61.26989472816156,21.04277095022431,18.24828759089466,147.55368706351507,143.66055967051156,-40.472159392235895,766.5699999999974,0.8772235955600794,1028.9814896673665,583.7209636423914,0,4
42,5,4628,852.0,677.0,1.0,1.3933070675430446,0.6178198427911623,1.0,0.3642660369933097,0.210583682795901,100.58349657561277,125.92458060283545,23.600847442411894,7.499737812625878,6.082762530298219,85.36873455859914,79.09078301318955,14.752776468763106,525.5199999999984,0.5623670939911295,847.1544943820224,676.5885911840968,0,5
42,6,13582,682.0,874.0,1.0,1.0324197426472208,0.5223217045777007,1.0,0.6455936876128909,0.5212043826129961,143.52667906103062,156.259399717265,55.97320787662612,18.998326713362086,16.278820596099706,127.09553366130055,122.39216302903372,-8.537221280060507,572.2459999999982,0.8943469528857865,685.7679281401855,874.211898100427,0,6
43,1,8374,954.0,146.0,1.0,1.1048036693092838,0.6474635828641587,1.0,0.471509009009009,0.33596519206698744,121.8799530543305,153.73353570382747,43.93176527297759,14.017562996161013,11.704699910719626,102.3516039382348,92.88427233312454,-25.786958810800744,559.6599999999983,0.745747617775403,951.7994984475758,146.7981848578935,0,1
43,2,3416,157.0,252.0,1.0,1.350845630513821,0.7469286036222762,1.0,0.3819320214669052,0.36843725363570884,90.15214860939537,121.79490958164057,24.0,7.8140128562263635,6.324555320336759,66.1548486507225,59.94254671788922,-39.602206961661324,341.33599999999905,0.6658220446350257,160.43969555035127,252.01024590163934,0,2
43,3,5846,1097.0,275.0,1.0,1.5013931117924642,0.8056372779159855,1.0,0.3354564755838641,0.2461392286129207,128.41596808803004,156.32018423735306,29.732137494637012,9.516601855015763,7.615773105863909,86.8259908703682,76.07479183827563,70.31149250455351,546.3159999999982,0.5986687147977472,1088.908826548067,266.6770441327403,0,3
43,4,3566,243.0,810.0,1.0,1.2623291527169453,0.5290297671717864,1.0,0.5343122565178304,0.3745676422901265,81.53119171589842,104.80458005259122,25.0,8.091045804745066,6.708203932499369,67.93943890738608,69.18763568532943,21.080892372270046,345.883999999999,0.6914872988171418,240.8780145821649,809.3519349411105,0,4
43,5,4963,779.0,847.0,1.0,1.1706304867756163,0.604258153084328,1.0,0.5016171417020416,0.31814509269702423,94.9949932212945,116.21101496846157,30.14962686336267,9.8591421337832,8.06225774829855,90.36749862017291,75.6909283318643,78.64132329201782,442.7559999999987,0.6499050612191449,779.1253274229297,850.0989320975217,0,5
44,1,2245,1058.0,170.0,1.0,1.6901473412041317,0.8953248291662438,1.0,0.3560666137985726,0.26502239370626207,89.68274182261548,97.16480844420988,13.038404810405298,5.078600873368552,4.47213595499958,45.37765099661476,39.94593053244152,-17.8624224826911,326.2659999999993,0.6713516746411484,1040.479732739421,175.70734966592428,0,1
44,2,21362,798.0,178.0,1.0,1.4984431586549298,0.8657839378021607,1.0,0.40876387294297745,0.1621582418639493,254.79491374536235,272.8607703573381,53.600373133029585,14.490940840192748,12.0,163.25501178110954,127.50396071887394,-24.10851366911781,1286.6379999999954,0.6223905601281958,793.1763411665574,175.07831663701901,0,2
44,3,2508,1198.0,292.0,1.0,1.4023621199885208,0.7574737716670836,1.0,0.3732142857142857,0.32652076341059394,79.15638382560914,100.68763578513501,18.439088914585774,6.177482272444409,5.0990195135927845,56.358941867255204,51.678479630522325,-43.58099257258826,310.6799999999991,0.708374523372405,1198.7878787878788,296.66068580542264,0,3
44,4,10159,593.0,373.0,1.0,1.231115195196546,0.6627655420392061,1.0,0.5468884582256676,0.1856102191561034,142.5990281509076,156.97452022541748,35.0,11.05841190000291,9.055385138137417,123.51706688020793,106.78199867850418,-35.08047677887884,829.333999999997,0.6975658323891921,606.4170686091151,372.0764839058962,0,4
44,5,10112,749.0,505.0,1.0,1.1676202308606107,0.7767011629591746,1.0,0.550312925170068,0.40543587786295016,146.46170234310406,181.01104938649465,43.41658669218482,15.143894336960447,13.0,101.36794098461041,92.25172625486763,-33.58195877703204,559.8379999999979,0.8177260229661976,745.4684533227849,506.551522943038,0,5
44,6,6499,855.0,710.0,1.0,1.4407980818214279,0.8301570020068291,1.0,0.40117283950617283,0.20283801102749738,134.64718442485017,155.04837954651444,30.805843601498726,8.825512214142881,7.0710678118654755,82.68732586790284,75.06980260384384,-44.04750027126628,634.5319999999977,0.7220709960557746,840.2665025388521,720.1143252808124,0,6
44,7,3987,216.0,845.0,1.0,1.646611721735882,0.8421101443478087,1.0,0.2482565379825654,0.16602022734094726,113.63101210971708,145.16886718577092,20.808652046684813,7.296734156426131,6.324555320336759,97.3908840646925,61.28183848805348,63.12351213675603,549.3479999999983,0.40754369825206993,210.88487584650113,831.790820165538,0,7
45,1,7715,1000.0,203.0,1.0,1.1710680301327807,0.6954230349038126,1.0,0.5456152758132956,0.3130287604690207,122.97515857884707,142.414886862294,35.35533905932738,12.284006146575951,10.770329614269007,99.11029149367111,88.37002104606496,6.359295620859488,556.5199999999983,0.7728137834318342,1000.746986390149,195.34322747893714,0,1
45,2,5007,256.0,214.0,1.0,1.2397751691147703,0.7748854859826064,1.0,0.4501078748651564,0.3296817748576437,106.12122037358513,135.28118864054971,28.460498941515414,9.999914797821226,8.48528137423857,68.27391742700777,67.07939746404229,52.43344698199304,436.86399999999855,0.8210888816005247,253.8923507090074,214.62971839424804,0,2
45,3,12558,407.0,258.0,1.0,1.0811046811417042,0.6586821080564514,1.0,0.6148648648648649,0.4306826990697553,148.31103348444768,170.13524032369074,50.44799302251776,17.415017033470004,15.231546211727817,112.57115378878932,111.59238730401253,36.54114333403792,605.3219999999976,0.8528063563206683,411.0345596432553,255.73411371237458,0,3
45,4,4991,198.0,284.0,1.0,1.3883445974309636,0.8841999119033842,1.0,0.49293827160493825,0.3887085047736715,120.16595597907565,133.7235955244997,26.627053911388696,9.643665575068926,8.48528137423857,54.06204109646401,56.13056067426753,65.78586832047016,401.6859999999988,0.8564564564564563,198.8677619715488,281.79943899018235,0,4
45,5,5947,127.0,781.0,1.0,2.2907916568834596,0.9260255230027472,1.0,0.41762640449438204,0.17667106787799017,173.9350520974833,160.29036153181514,22.825424421026653,7.229589616633942,6.0,83.26646064013704,65.65368124144608,3.4275139494123725,650.385999999998,0.5304374972126833,141.5343870859257,788.6704220615436,0,5
45,6,3921,576.0,957.0,1.0,1.2834493073437985,0.8008903803899935,1.0,0.388525564803805,0.22569166579261973,96.99064980586078,116.1077086157504,22.360679774997898,7.887742519173679,7.0,67.00756901181089,58.079066776208066,65.54649785756996,467.24599999999833,0.679726098639161,565.7061973986227,945.8796225452691,0,6
45,7,7895,655.0,943.0,1.0,1.3991138422251876,0.7690613726688156,1.0,0.4115837764570952,0.25909138128470544,141.07196867060648,161.82088863926066,33.1058907144937,10.911903161629963,9.219544457292887,106.38977656109954,90.16966723704577,-49.2827677757794,618.8059999999979,0.6669200878526779,661.7604813172894,943.8515516149462,0,7
46,1,2641,206.0,71.0,1.0,1.4995619374516809,0.8137760425451209,1.0,0.44611486486486485,0.4169577421647856,86.7204529145641,90.13878188659973,17.69180601295413,6.3645919905651995,5.830951894845301,56.13679349538718,50.400070482290054,-42.78148636170615,282.12599999999935,0.7613144998558662,211.14199166982203,65.9201060204468,0,1
46,2,10786,976.0,58.0,1.0,1.2816572443016352,0.7976600352174809,1.0,0.554835390946502,0.348044110089514,160.3747845983775,170.29386365926402,41.23105625617661,13.515766273724784,12.0,114.4045238338664,96.72321036111185,46.14901282838656,624.0479999999977,0.8085457271364317,976.6961802336361,66.44418690895606,0,2
46,3,4272,129.0,96.0,1.0,2.0313847664938076,0.8616669636111473,1.0,0.3068304244774833,0.25290617651767416,132.34555028451763,136.4587849865299,20.0,6.689982948806,5.830951894845301,88.90532629645935,67.16194966654602,36.279321600163875,460.7239999999985,0.5088440235840629,109.62265917602996,82.05922284644194,0,3
46,4,3747,201.0,200.0,1.0,1.3565216762626346,0.6931973823966685,1.0,0.4576209086468002,0.3887542667195989,92.17183981690748,112.92918134831227,24.73863375370596,7.9542272521308375,6.708203932499369,72.416772965593,66.43265063146282,-58.418039005213096,348.02399999999915,0.6825758265780126,201.70616493194555,199.36669335468375,0,4
46,5,5532,199.0,299.0,1.0,1.0856508802777702,0.5488342914316454,1.0,0.6097883597883598,0.4138451958759168,94.74827490253817,110.13627921806692,34.132096331752024,11.355570373589302,9.848857801796104,76.36699812212764,79.20303627045672,68.03205682904795,409.851999999999,0.8113816368436493,197.84562545191613,296.63810556760666,0,5
46,6,17679,372.0,468.0,1.0,1.2593296175348907,0.7317235731451431,1.0,0.5749081330688433,0.28912288104530315,196.3659502589694,213.84340064636083,44.77722635447622,15.859996631359435,13.92838827718412,158.74868780249673,133.843327354814,10.797012989691204,876.5819999999967,0.7200635386119256,338.48684880366534,468.3370665761638,0,6
46,7,7957,1178.0,825.0,1.0,1.9465345803140113,0.920969979377058,1.0,0.46805882352941175,0.3047630434283063,184.70006029059203,169.10647533432893,26.019223662515376,10.083050134796983,9.219544457292887,96.52281261252486,71.96533870687459,1.9879045100642632,572.7939999999984,0.5841929444587203,1176.6689707176072,833.223828075908,0,7
46,8,4368,451.0,825.0,1.0,1.2826897489015678,0.55780678915555,1.0,0.3848797250859107,0.3546586325507173,91.78604945958308,124.08464852672147,27.80287754891569,9.101623973400722,7.810249675906654,83.70313935915082,76.17974405720885,-39.77614455239091,393.40599999999904,0.6428729119140482,452.8360805860806,829.4878663003662,0,8
47,1,8283,79.0,464.0,1.0,1.0719646608541475,0.3401036997296642,1.0,0.5903777619387027,0.39160891811650317,109.36472213219405,122.64175471673585,40.26164427839479,13.756021123552676,12.041594578792296,108.91659189718898,102.84526550643126,-62.718562586269,515.5519999999984,0.8323368336431692,80.19509839430158,462.82035494386093,0,1
47,2,3877,353.0,836.0,1.0,1.2503850712539033,0.6238018422396696,1.0,0.4437957875457875,0.2930798055146995,87.42679739983929,121.74152947946727,26.476404589747453,8.157568540072003,6.4031242374328485,72.95394716861365,68.33125808419061,79.27760378674989,407.7179999999988,0.6167183647498609,352.8720660304359,838.6641733298942,0,2
48,1,3085,894.0,76.0,1.0,1.3203560770552358,0.8174156733513609,1.0,0.53116391184573,0.4350814245020417,88.1425603729828,97.65244492586962,21.02379604162864,7.817593328430033,7.0,52.10791140681792,50.774369996875016,-20.39639413587192,298.5019999999993,0.7911270675727656,899.5481361426256,77.59578606158833,0,1
48,2,7606,269.0,150.0,1.0,1.3970179492786279,0.6476249605562537,1.0,0.31984861227922623,0.1792311693856047,130.61885239382028,164.61470165206995,33.83784863137726,10.0177899100757,7.810249675906654,119.16613688768697,99.52624381760182,-71.15421501904221,730.2579999999977,0.5295919788330316,267.32461214830397,158.1580331317381,0,2
48,3,12721,125.0,165.0,1.0,1.0773373033474225,0.6015034003570031,1.0,0.5178295204754538,0.3062354149691965,145.69608408422627,176.58992043715293,51.884487084291386,16.720400211985964,14.142135623730951,124.7603287639397,116.39226556835622,17.692473366878644,722.4999999999975,0.8003649175789607,127.29400204386448,163.44886408301235,0,3
48,4,5502,479.0,231.0,1.0,1.29162627266214,0.7673922320049795,1.0,0.492128801431127,0.3365124745466106,113.07222903691614,129.38701635017324,29.0,9.460059631433118,8.0,81.11005375494751,72.49941990050576,-71.86784894750298,453.27799999999854,0.6931216931216931,481.0203562340967,231.94601962922573,0,4
49,1,10170,1167.0,208.0,1.0,1.037384441476155,0.45541379262488535,1.0,0.5802807257788428,0.3947300395371213,122.21596440769139,141.90842117365693,47.38143096192854,15.716955837280311,13.45362404707371,112.73086961682287,108.80641500240041,12.02788911151539,569.0039999999982,0.8617913736124055,1166.0139626352016,209.55083579154376,0,1
49,2,6762,601.0,216.0,1.0,1.2474083532844789,0.8136195848628419,1.0,0.40073485836197703,0.41000839899543545,126.49655408407764,150.2165104108067,33.24154027718932,12.11030562522749,10.44030650891055,68.58439213372019,73.5447931531223,-55.496403611437245,455.24599999999816,0.7929639401934916,604.1606033717835,209.03416149068323,0,2
49,3,8107,464.0,373.0,1.0,1.13082958570464,0.566101193295767,1.0,0.40810470677070226,0.36379766759158194,117.70603282071428,144.00347218036097,38.600518131237564,12.883231583314124,10.770329614269007,100.33570363441152,97.02929157451433,39.85565062123507,529.181999999998,0.7199822380106572,465.4672505242383,374.90835080794375,0,3
49,4,4370,595.0,462.0,1.0,1.7435499665236747,0.8440900926811791,1.0,0.3754295532646048,0.28083413594933354,122.56516664832961,143.0873858870865,21.840329667841555,7.42424372260338,6.324555320336759,81.13403544331487,65.71961098515253,-21.23862901799567,442.2019999999988,0.5690845162130486,581.2022883295194,465.6311212814645,0,4
49,5,6541,982.0,712.0,1.0,1.0816197954275546,0.6756348565400657,1.0,0.7059140945391755,0.5115474258048289,107.8741132497742,113.84199576606166,38.27531841800928,12.881328201738935,11.045361017187261,81.0,79.52872518392236,-88.2277880635295,400.85199999999895,0.8879989139288623,981.8437547775569,708.3652346735973,0,5
49,6,3348,219.0,891.0,1.0,2.996352789176797,0.6734656035386677,1.0,0.33214285714285713,0.10413124821689013,128.3118666708482,105.6882207249228,14.0,3.901928033167946,3.1622776601683795,92.01381413961467,94.85051343299914,8.46523736008215,635.6339999999977,0.4375612624975495,253.41278375149344,894.2706093189964,0,6
50,1,7879,327.0,115.0,1.0,1.3263800262885364,0.8008938637590978,1.0,0.43424823633156967,0.24142885163822148,139.72022675390713,166.71232707871366,35.0,10.76302776321541,8.54400374531753,89.94243823986423,83.66535599285493,27.464028964338798,640.3919999999979,0.7025412394115023,322.83284680797055,111.95138977027541,0,1
50,2,6837,242.0,255.0,1.0,1.0889075552027896,0.6651402935763846,1.0,0.6044024045261669,0.6797700536755151,110.15523167752649,117.32433677630571,35.6931365951495,13.18884530190693,11.661903789690601,84.52896238798259,82.25493989606102,-59.39976661636319,355.5139999999988,0.8903503060294308,245.24659938569548,258.42445517039636,0,2
50,3,8675,961.0,284.0,1.0,1.262940015024893,0.7792304023308309,1.0,0.5176632056331304,0.22240106393284162,141.28819471695672,167.7647161950331,35.17101079013795,11.239428166833587,9.219544457292887,106.72401633954684,88.55061965005764,52.23527806075198,700.1179999999978,0.6936393075600688,963.659250720461,289.3641498559078,0,3
50,4,8769,728.0,821.0,1.0,1.1164273023448539,0.7255675034608297,1.0,0.601440329218107,0.35060625615776697,129.8537999604872,134.3726162579266,37.8549864614954,13.903866665958075,12.165525060596439,94.99373827069398,89.35902221363982,0.6281725091944499,560.6219999999983,0.8529740771363258,738.7421598814004,824.3271752765423,0,4
51,1,7102,132.0,415.0,1.0,1.100555225693913,0.23812730108796307,1.0,0.5287767105948924,0.36657306838159903,101.04717524745091,127.283148923964,37.33630940518894,11.69996532563489,9.433981132056603,106.43399819132577,98.14044729986676,35.05812997641878,493.4179999999985,0.7760476424629842,129.89974655026754,410.81385525204166,0,1
51,2,4780,746.0,703.0,1.0,1.7233664055481435,0.9125403043925511,1.0,0.39065053939195815,0.20707191001903252,133.8357893385758,169.59363195591985,26.92582403567252,8.234254532539135,6.708203932499369,63.30179813448291,54.73706961748771,-17.578668242332203,538.5899999999983,0.701805902217002,747.9140167364017,705.1566945606695,0,2
52,1,16437,1195.0,146.0,1.0,1.4262618284846866,0.8775850522678373,1.0,0.5617566643882433,0.3873690975519329,219.8844587378684,222.10357943986403,47.4236228055175,17.31504909485013,15.524174696260024,114.35372965716753,105.41722268843375,-74.86085591611814,730.2199999999976,0.8396505925623212,1198.270183123441,162.8538054389487,0,1
52,2,8393,811.0,521.0,1.0,1.7087193315222002,0.8888068285497817,1.0,0.3836098541980895,0.24364331853371793,173.40717081334458,172.00290695217916,32.01562118716424,10.313549279234003,9.219544457292887,91.4269517761133,79.46939073032405,-39.17309507427258,657.939999999998,0.7517914725904694,800.2410341951627,535.9055165018468,0,2
52,3,5531,952.0,619.0,1.0,1.311382896177418,0.7618629213225263,1.0,0.4275664811379097,0.24736629085649142,113.89183779223191,141.69333082400175,31.304951684997057,9.267773548192048,7.0710678118654755,84.6,73.772103973568,59.679984827699116,530.0739999999983,0.6556036270965446,951.9699873440608,621.9356355089495,0,3
52,4,6380,670.0,825.0,1.0,1.4126142675160045,0.689991411392781,1.0,0.3395061728395062,0.24946783866187988,122.51979286945733,161.25135658344087,33.24154027718932,10.07352074498209,7.810249675906654,106.83269912979742,88.68197685277266,-68.48972826385851,566.9019999999981,0.5886694962170143,674.624921630094,820.5189655172413,0,4
53,1,4277,540.0,138.0,1.0,1.0650071368887595,0.6767367899567812,1.0,0.7313611491108071,0.777526288552998,86.62024926106051,87.72684879784524,31.016124838541646,11.282282391672974,10.198039027185569,66.29983774999232,63.771996923885744,-72.75994687467814,262.9159999999995,0.9545809619462113,537.7851297638532,144.22469020341362,0,1
53,2,12547,163.0,101.0,1.0,1.6278503515074463,0.9132776907322974,1.0,0.5442911677945514,0.38894016195149816,210.79551133763331,207.92787210953705,39.59797974644666,14.63338148399315,13.038404810405298,93.1554937620691,85.86492195672308,-73.85392369271739,636.697999999998,0.8205212045907857,162.96851837092532,123.1120586594405,0,2
53,3,4191,1018.0,241.0,1.0,1.2222046904358543,0.761302425779277,1.0,0.4703703703703704,0.4198737238184741,95.69873159373664,108.30050784737807,24.186773244895647,9.04816732727944,8.0,70.5598321136895,62.05076655012183,34.1753678588707,354.163999999999,0.7337827190755494,1007.8396564065855,232.6120257695061,0,3
53,4,9722,419.0,222.0,1.0,1.051765410389361,0.3908987042623356,1.0,0.5715461493239271,0.46868981617470157,118.52923919739145,137.53908535394584,46.87216658103186,15.582264795587607,13.416407864998739,113.84267728937945,109.09830663758083,-6.755211595369068,510.55199999999843,0.8349364479560288,418.2819378728657,222.07837893437565,0,4
53,5,10820,963.0,301.0,1.0,1.067887600454699,0.6215777150925722,1.0,0.6408434020374318,0.4742305698597728,134.8013585044029,149.90663761154806,49.8196748283246,16.834569317260218,14.7648230602334,108.89444430272832,105.59698160460847,35.587630812118306,535.4559999999981,0.8852888234331533,958.5302218114603,296.7095194085028,0,5
53,6,17652,208.0,355.0,1.0,1.0572459937418197,0.6549076589913572,1.0,0.676840490797546,0.5498033959105985,173.5930234807128,187.608635195718,63.631753079732135,22.206404183823683,19.4164878389476,137.7813699789344,131.18579473521282,49.41471067718355,635.181999999998,0.9197821952426856,210.0709834579651,358.6006684794924,0,6
53,7,6045,1051.0,441.0,1.0,1.8905521025984784,0.8850639192864603,1.0,0.4001986097318769,0.19174302384745714,154.3876235803517,164.21023110634732,23.08679276123039,8.140888086913586,7.0,82.59663502106062,71.86273050921014,-77.04556595741575,629.4239999999979,0.5318727728652501,1042.2464846980977,442.90306038047976,0,7
53,8,3955,413.0,504.0,1.0,1.3561568975252203,0.77297694101422,1.0,0.38279132791327913,0.33411972470887186,98.54778378379395,127.09838708654017,24.758836806279895,8.111867160163222,6.708203932499369,69.38285156927189,62.52207617527433,12.475131594089047,385.6799999999989,0.6779225231402124,414.15575221238936,505.24627054361565,0,8
53,9,5223,779.0,667.0,1.0,2.7429091569064954,0.9147853444933872,1.0,0.1568280086476099,0.14604885514515697,176.7702974163322,229.8107917396396,26.92582403567252,8.27429539810801,6.324555320336759,80.29180905966139,71.40464861838083,49.482463343388524,670.3719999999972,0.4119410048111049,766.7836492437297,651.7761822707256,0,9
53,10,9598,195.0,915.0,1.0,1.2635289814932766,0.7845572357585046,1.0,0.5730149253731344,0.3864076396732002,149.08986051769628,142.86357128393507,31.827660925679098,12.004880108991616,11.045361017187261,98.2930755945805,92.44412274670006,-23.644690497109085,558.6919999999985,0.7920122127325989,169.78130860595957,931.0965826213794,0,10
53,11,5597,1140.0,958.0,1.0,1.3828677035873675,0.8337125684851705,1.0,0.47255994596420126,0.3735991582729021,122.7039531586389,140.03213916812098,29.068883707497267,10.271237257401607,8.94427190999916,68.75963742752276,67.75695773806463,78.19909119144052,433.88999999999885,0.798772655915513,1144.8845810255493,953.1870644988387,0,11
54,1,5401,374.0,121.0,1.0,1.209868303117748,0.8098050663330792,1.0,0.5981173864894795,0.5412132412862213,111.09466018635135,119.81652640600127,29.068883707497267,11.120913210480657,9.899494936611665,69.68608537613162,65.1791296287714,-66.50230090831599,354.12599999999924,0.8649211305949237,370.4813923347528,133.99111275689688,0,1
54,2,12252,1067.0,193.0,1.0,1.032011111031676,0.41581834331207335,1.0,0.6983186092903961,0.5674332847284326,132.51759921959984,153.0130713370593,56.32051136131489,18.663845952370725,16.1245154965971,119.96318219827029,120.51782482383781,-82.09172511591422,520.8959999999986,0.8835045970795026,1065.5967189030362,194.75399934704538,0,2
54,3,5463,687.0,211.0,1.0,1.169076421385043,0.6566728390151456,1.0,0.5058333333333334,0.4479512782558198,101.6700118963475,136.69308687713507,34.438350715445125,11.197342440796593,9.433981132056603,78.57313233725787,76.67703864234586,77.30308544128971,391.4759999999989,0.7310317141710158,685.9414241259382,209.5321252059308,0,3
54,4,4588,964.0,448.0,1.0,1.1435458825431584,0.7761001391272929,1.0,0.5807594936708861,0.49988756512155463,97.6365943049489,106.4048871058092,30.0,10.55998290772449,9.219544457292887,65.62782739592895,61.57058191956923,-58.25587841755169,339.6099999999993,0.8535019998139707,967.918918918919,443.6554054054054,0,4
54,5,3473,856.0,581.0,1.0,2.0937145459809394,0.9359652978410304,1.0,0.46091572660915725,0.2802712005852928,128.1457978719568,136.2974687952788,19.6468827043885,6.840893903287187,6.0,51.44144012037407,45.119143888953396,-83.88956226314743,394.60999999999916,0.6218442256042972,851.2844802764181,575.1592283328534,0,5
54,6,6524,490.0,673.0,1.0,1.433759385591765,0.8655668525434075,1.0,0.42063185041908446,0.3023862269467181,137.7668226180755,170.88007490635061,29.732137494637012,10.042413206262049,8.54400374531753,87.86491660695955,68.99271472132499,80.2958538477162,520.6919999999983,0.6455251570771285,493.21919068056405,675.2657878602084,0,6
54,7,9420,451.0,853.0,1.0,1.3191182877245704,0.7939887475516445,1.0,0.5055817947617003,0.3807857290295951,151.7314580400714,153.57408635573907,38.0,13.172530693136835,11.313708498984761,99.04694724334448,92.24247765213433,48.810986466990975,557.5579999999983,0.7825870233446873,442.417940552017,857.1011677282378,0,7
54,8,5379,99.0,911.0,1.0,1.40763152559031,0.845192450187236,1.0,0.496997135729465,0.5034846735133027,122.26996914691503,136.03308421115798,28.460498941515414,10.239967318873905,8.94427190999916,64.95477763097263,65.3486628540679,79.42229185506629,366.4059999999989,0.8143830431491297,104.73675404350251,907.6832124930285,0,8
54,9,6785,1070.0,936.0,1.0,1.123989951356804,0.6784619264972392,1.0,0.6521530180699731,0.3534240101883298,112.13398425692122,123.84264209067892,37.94733192202055,11.795335178660597,9.433981132056603,89.59431348615618,82.37761295132148,-37.20901318451116,491.1699999999986,0.8440104490608286,1062.713190862196,938.9982313927782,0,9
55,1,4550,824.0,187.0,1.0,1.830512469862175,0.8621223338231354,1.0,0.30977668845315903,0.2353118030570469,129.69789731445888,155.97756248896826,23.769728648009426,7.635868088070725,6.324555320336759,89.15214014863153,65.71794908095053,-72.85680544275499,492.93399999999815,0.5497492901588836,820.8681318681319,184.30483516483517,0,1
55,2,7307,371.0,369.0,1.0,1.0629974315205342,0.5462874967182134,1.0,0.6806707033069399,0.527460070504747,107.64845902715075,114.1402645870422,38.01315561749642,13.338363586836547,11.661903789690601,91.62691655939923,90.16610579489053,-12.891780677048235,417.23399999999884,0.8681240346916954,371.4724237032982,369.0294238401533,0,2
55,3,4538,1097.0,486.0,1.0,1.3272826816918486,0.7520126814503273,1.0,0.393377253814147,0.4121752191221746,103.25534157225844,118.68024266911489,26.627053911388696,9.439485593392755,8.06225774829855,70.16957482249148,68.06061776049556,-53.639822930160605,371.95999999999884,0.7139148902698025,1097.7505509034818,476.02291758483915,0,3
55,4,3255,184.0,500.0,1.0,1.4088113234137924,0.8269261147856544,1.0,0.5523502460546411,0.3658570615441177,94.06887445725079,100.89598604503551,20.0,7.019626196865175,6.324555320336759,62.323773003469654,52.89592438530228,-51.836884505018396,334.36799999999914,0.7366753423107391,175.25714285714287,507.1173579109063,0,4
55,5,12889,1157.0,591.0,1.0,1.4947634643998473,0.7757804561406101,1.0,0.5335734393111442,0.1668687418839993,186.963634362947,205.41908382621125,35.0,11.238544799577907,9.433981132056603,130.86831770877797,117.97459904227512,80.1300690838579,985.2059999999965,0.6018819024492751,1141.7836139343626,607.0464737372954,0,5
55,6,4985,941.0,614.0,1.0,1.1685902302638753,0.6171827593142138,1.0,0.5360215053763441,0.3636771759244642,95.58470343241594,114.63420083029322,29.5296461204668,10.071820506256843,8.54400374531753,88.92168542634366,75.20793990630978,-31.197406017109394,415.02999999999884,0.6966668995877298,940.3045135406219,616.5590772316951,0,6
55,7,18107,443.0,610.0,1.0,1.0782827383369078,0.6717965049110257,1.0,0.5877560294738209,0.4635602426003435,178.83386310329178,192.81597444195333,57.723478758647246,20.75388188844469,18.110770276274835,140.5546920643716,132.46863627389288,-53.954065095901406,700.6079999999973,0.8692959504548835,447.1366322416745,614.3254542442149,0,7
55,8,8928,512.0,710.0,1.0,1.165057494903282,0.7063656568296367,1.0,0.5952,0.40995058473103624,132.61438010490383,155.24174696260025,42.44997055358225,14.004704213724947,12.041594578792296,106.36186178458007,93.87070829800533,-41.06638052775292,523.1379999999986,0.8383098591549296,515.2741935483871,705.674059139785,0,8
55,9,4085,267.0,729.0,1.0,1.3058485873907404,0.765495051551779,1.0,0.5465614128980466,0.24017917559351284,97.87870509655887,110.6752004741803,18.788294228055936,6.497836576666303,5.830951894845301,65.5504543764993,62.97924836834358,56.17092397645983,462.3099999999986,0.7844455112818052,279.5916768665851,743.4225214198286,0,9
55,10,12607,782.0,791.0,1.0,1.0434739670575426,0.3851575469905041,1.0,0.572005444646098,0.35911997911531257,134.26690664848655,162.1172415260018,51.24451190127583,16.817640308722826,14.142135623730951,131.5416191088758,123.90832693786983,10.518764405471034,664.1879999999976,0.7970286075549234,785.1823590069009,790.7564844927422,0,10
55,11,3883,296.0,838.0,1.0,1.3932871223567804,0.7571730713648366,1.0,0.5028490028490028,0.2524015278923716,98.13180159318883,100.89598604503551,18.384776310850235,6.458441126184072,5.830951894845301,63.67241530355383,64.10109745818599,25.377513876438098,439.68599999999867,0.7499758570738773,284.43960855009016,844.4038114859644,0,11
55,12,8615,1164.0,946.0,1.0,1.1156275530896225,0.6274110378905629,1.0,0.5284303502422867,0.4129699375581101,123.23108621733878,146.99659860010368,43.01162633521314,13.943523831322496,12.0,102.87128292180842,95.95859878078848,-60.67001082290395,512.0039999999983,0.762490596096827,1164.342077771329,946.6545560069646,0,12
56,1,9890,696.0,78.0,1.0,1.378490511618577,0.7387984476420079,1.0,0.425486146962657,0.25864499795863427,154.2348139383976,187.4459922217597,37.013511046643494,12.204890836493783,10.63014581273465,116.44964282824466,103.94291990897409,-49.15814273264088,693.1879999999977,0.665231721261855,701.2869565217392,79.21890798786653,0,1
56,2,17884,545.0,121.0,1.0,1.1428791355490509,0.6422088349763196,1.0,0.5121420389461626,0.23713002847824086,180.7188313666303,209.67832506007863,49.040799340956916,16.19247803282304,14.0,159.60800799526388,138.5263552810543,-26.98738866309649,973.5179999999964,0.7242685025817556,563.9492842764482,113.81508611048983,0,2
56,3,21269,1110.0,209.0,1.0,1.525232504638776,0.8977144221881604,1.0,0.43386642731834685,0.26970027339552466,262.47759408268513,264.45793616376875,50.695167422546305,16.15790941314505,14.317821063276353,125.62768203910665,115.64180641409571,63.32650662130358,995.491999999996,0.7608707317509436,1084.9361512059804,166.04259720720296,0,3
56,4,5446,264.0,371.0,1.0,1.209707034001932,0.7881461867403164,1.0,0.6341406613879832,0.4655536019593282,110.1403152995503,119.6202324023825,29.546573405388315,10.78382028826833,9.433981132056603,68.13039770691975,67.79005224157284,10.917386050530407,383.4059999999991,0.8332313341493268,253.03947851634226,368.05600440690415,0,4
56,5,10434,514.0,391.0,1.0,1.1090608469140006,0.5266383877706452,1.0,0.5004316546762589,0.4039452628332251,130.56500543015372,154.53802121160993,45.967379738244816,15.233624305221069,13.0,117.85168857850697,110.99192870402003,-81.77946098599597,569.7299999999982,0.7622456806808635,512.8843204907034,388.9482461184589,0,5
56,6,4253,777.0,512.0,1.0,1.2265254061017985,0.6034184824450198,1.0,0.5413007509227441,0.3954855434776588,89.99044991985642,110.27692415006868,27.0,9.057664647456539,7.615773105863909,75.69863397605474,71.76060656384124,87.2427312851852,367.60999999999916,0.6815159041743452,777.8695038796144,504.40630143428166,0,6
56,7,11918,116.0,546.0,1.0,1.5565999930312784,0.7629350964675801,1.0,0.5054283290924513,0.12848014079563067,182.18340069680488,204.40156555173445,35.0,10.300475894607375,8.06225774829855,128.94608568768075,117.77702988113349,82.62290946249733,1079.663999999996,0.5710042161747796,101.1476757845276,559.4154220506797,0,7
56,8,3888,963.0,652.0,1.0,2.305455043895262,0.9454156461604204,1.0,0.2752566371681416,0.23844701061505222,143.4018146318137,141.4213562373095,18.867962264113206,6.40958877185035,5.830951894845301,66.06342248122215,46.72990907453488,47.40470677225193,452.6599999999984,0.6623509369676321,944.0743312757202,632.0835905349794,0,8
56,9,6507,224.0,670.0,1.0,1.3230732155129632,0.7752953120277862,1.0,0.44972009122952517,0.3467320316233424,124.98401632853077,162.27445886522005,35.38361202590826,10.98369165024221,8.94427190999916,90.0,78.93976808817044,77.16847101346215,485.6219999999985,0.6648275862068965,223.51529122483478,672.8003688335639,0,9
56,10,7482,678.0,701.0,1.0,1.1249028433565376,0.7141047973710516,1.0,0.5972222222222222,0.4077807017268104,119.7406353443168,127.47548783981962,37.73592452822641,12.480626353064151,10.770329614269007,88.42345513845439,83.8230921201436,40.424781907689294,480.1759999999985,0.8623292802397278,674.8869286287089,700.1649291633253,0,10
56,11,7784,337.0,885.0,1.0,1.1527098994664327,0.6298775570810387,1.0,0.5148148148148148,0.3313658142934915,119.18647155818803,141.6756859873987,38.897300677553446,12.263642215019626,10.0,101.79930055119769,92.57147054656213,-34.56022022368457,543.3159999999983,0.7289413307112423,343.6411870503597,883.4754624871531,0,11
56,12,8505,123.0,901.0,1.0,1.1132867450784445,0.6442923725647497,1.0,0.582294947281939,0.5000548074474483,123.13958323851524,142.56226709757388,42.80186911806539,14.023108884238361,12.0,98.65071448682299,94.17460112736994,-61.272056381108534,462.3099999999986,0.8141482793280046,124.37107583774251,901.2961787184009,0,12
57,1,9101,1085.0,232.0,1.0,1.0619862486340224,0.48579948350266394,1.0,0.59313086548488,0.34421033815009217,117.92602714571967,142.30249470757707,44.94441010848846,14.724892919599034,12.36931687685298,110.67878348825735,103.07563606905924,-69.79177324960048,576.4179999999982,0.7942575380721735,1083.968025491704,230.6625645533458,0,1
57,2,3137,269.0,251.0,1.0,1.9885647132111752,0.8291180926433857,1.0,0.36140552995391706,0.2625637504384025,109.84905180683394,138.19551367537227,19.026297590440446,6.151485506522598,5.0,68.55989189731586,61.41369485257647,69.26463399491449,387.4759999999989,0.5580361113581784,270.20529167994897,257.4494740197641,0,2
57,3,15391,176.0,283.0,1.0,1.1917968629765199,0.6758835843610848,1.0,0.5299018763986917,0.2832649155659616,173.6506953060816,190.5203401214684,49.8196748283246,15.683994845036437,13.0,144.1998613036781,127.98202095570556,-20.34286715564243,826.3079999999966,0.7801601784266018,164.286596062634,291.19582873107663,0,3
57,4,9352,810.0,361.0,1.0,1.345880353755124,0.7141459105915959,1.0,0.37333333333333335,0.20572160365216696,146.4089323870668,167.86899654194636,32.64965543462902,10.694757719317657,8.94427190999916,124.37627040116011,102.4857944502579,75.80484038448414,755.8179999999971,0.5971712269723188,819.3841958939264,379.22914884516683,0,4
57,5,8428,1031.0,356.0,1.0,1.1580292725832833,0.6710123119413932,1.0,0.5889587700908455,0.25503457727640194,126.42765464375795,138.75518008348374,37.8549864614954,12.2625548919094,10.04987562112089,102.14156842343866,93.73930493996475,-18.574382973841843,644.4179999999982,0.7961834585045581,1045.7281680113906,348.1015662078785,0,5
57,6,2137,1092.0,439.0,1.0,1.1160168914233761,0.6260847143774957,1.0,0.6421274038461539,0.6782589498452776,61.40721795633992,65.92419889539804,22.847319317591726,7.755611538308648,6.708203932499369,47.511307331248254,47.88258800952933,-6.401733966764117,198.97999999999965,0.9099425164998936,1088.970051474029,437.68179691155825,0,6
57,7,3092,900.0,476.0,1.0,1.4840282607340323,0.9013699911726135,1.0,0.4458543619322278,0.306652813100235,99.061282481605,104.65180361560904,19.1049731745428,7.213399024275137,6.4031242374328485,55.56408551252163,42.898469679677845,-57.70659064285962,355.95999999999896,0.7735801851388542,895.2341526520052,483.23124191461835,0,7
57,8,6492,856.0,635.0,1.0,1.1331650176873058,0.6529158977498764,1.0,0.4955725190839695,0.333277684905482,108.93836572829767,137.2443077143821,36.069377593742864,11.515297492202263,9.486832980505138,84.47674682844375,82.51323133996061,-60.02555539417923,494.7559999999986,0.7235038448679373,858.8952556993222,633.6623536660505,0,8
57,9,2163,758.0,626.0,1.0,1.4707419778463504,0.8768956949437838,1.0,0.5124378109452736,0.48595577547392776,81.03146816781994,75.28612089887484,15.620499351813308,6.010917111522289,5.656854249492381,40.782526773000065,38.950263248601274,-37.02380742700433,236.50199999999944,0.8087492989343804,772.2094313453537,618.956541840037,0,9
57,10,10249,703.0,736.0,1.0,1.3754573540251542,0.8563803885546981,1.0,0.4791491351098644,0.34906593008070413,168.0425968984449,192.16919628285902,36.40054944640259,13.20063565523848,11.661903789690601,93.02490281927753,86.76803135013566,-72.07567089431295,607.4239999999979,0.7473657344952054,691.1363059810714,750.1518196897258,0,10
57,11,6074,1060.0,959.0,1.0,1.145681271251138,0.3500854724323418,1.0,0.6324448146605581,0.2819835308732805,97.00813701823725,114.0570032922135,30.364452901377952,9.788601184915919,8.246211251235321,91.96324762657716,90.86924481428116,-5.538377230046723,520.2719999999986,0.7963290724352672,1051.365821534409,967.4804082976622,0,11
58,1,5322,595.0,141.0,1.0,1.2363276143942552,0.7413923849303249,1.0,0.5065676756139349,0.42560262269445276,107.32374505489017,119.57006314291216,28.0,10.059560487311321,8.94427190999916,78.70959280799259,72.02193644273127,62.84393220752876,396.405999999999,0.7520666996396523,593.348177376926,131.18996617812851,0,1
58,2,2806,1003.0,231.0,1.0,2.0053439454430633,0.7855099689290681,1.0,0.2609747023809524,0.19411287244037986,101.64583373046726,130.17680284904833,18.110770276274835,5.699689146098479,5.0,70.51202170892175,62.90342287954303,-65.23868071118117,426.2079999999985,0.4389862327909886,999.1899501069138,236.72843905915894,0,2
58,3,9662,1161.0,276.0,1.0,1.1068948205341393,0.6859788907413388,1.0,0.5908757338551859,0.3678464707022754,133.21539355267885,147.49237268414933,43.174066289845804,14.825306415293836,13.0,104.64852394882963,96.93037662515903,-73.52433189184877,574.5199999999984,0.8612175773241821,1157.3725936659077,274.12399089215484,0,3
58,4,3450,1060.0,332.0,1.0,1.2053777599945352,0.5710004048783685,1.0,0.4416282642089094,0.18771126803028068,79.44143259461661,99.28242543370907,21.95449840010015,6.807822702413957,5.656854249492381,72.84045326273397,65.21742643467415,35.85337993326772,480.5839999999986,0.6599713055954088,1055.9457971014492,322.5240579710145,0,4
58,5,2224,53.0,393.0,1.0,1.1079595627575856,0.622435222787535,1.0,0.6579881656804734,0.7117831891535192,62.32823180219439,65.55150646628954,23.769728648009426,8.02936470413703,7.0,48.70372892304217,48.78251938951818,-4.3020521730999075,198.15199999999965,0.9188184259450525,50.527877697841724,392.199190647482,0,5
58,6,9404,636.0,409.0,1.0,1.1521623481849412,0.5103369979930471,1.0,0.46751180710912255,0.2950727815602884,125.72681051524366,153.57408635573907,39.395431207184416,12.741817879302326,10.816653826391969,116.25040664212044,108.12185158174888,6.536082725957818,632.8439999999975,0.7448122920956756,649.2846660995322,405.2326669502339,0,6
58,7,8622,951.0,407.0,1.0,1.0999098130564033,0.4201976033134117,1.0,0.5890551342488215,0.23036034628732385,114.8937194945406,148.39474384222643,41.0,12.536463583175411,10.198039027185569,113.21109741239853,104.25830980964042,-42.74038104329453,685.8119999999975,0.7216874529170504,951.0314312224542,408.47344003711436,0,7
58,8,9430,729.0,492.0,1.0,1.2082696237768014,0.5673863463365154,1.0,0.39508965979554217,0.31120535439979835,131.26743937467106,163.17475294910057,38.600518131237564,12.902808315472592,11.0,122.41138185728403,108.09239863901132,-28.69765012532799,617.0739999999981,0.6483327603987624,728.6769883351008,490.31749734888655,0,8
58,9,8450,772.0,940.0,1.0,1.1093087005312936,0.4547252546405812,1.0,0.5294486215538847,0.36224399306551686,115.18553596516125,142.52368224263643,41.012193308819754,13.278527485206304,11.045361017187261,115.70851973152858,102.58789732619222,43.081940980042134,541.4179999999983,0.7102929433026521,769.9398816568047,936.458698224852,0,9
59,1,10954,122.0,230.0,1.0,1.0987536354607899,0.6583502125089022,1.0,0.5937127371273713,0.40183642075618126,139.62867358556036,149.96666296213968,43.965895873961216,15.282288083393436,13.435015956036224,110.93066499049377,105.10014501643084,-68.56226803050887,585.283999999998,0.8724463382581341,118.72968778528391,229.63337593573124,0,1
59,2,2516,1233.0,271.0,1.0,1.5970099240991782,0.9034448063612159,1.0,0.47905559786747903,0.3489277973870341,92.8521075309856,100.12492197250393,17.804493814764857,6.210895300385791,5.0990195135927845,50.56091601357278,39.80610913566726,87.95357878393432,301.0179999999996,0.7292753623188406,1235.7595389507155,281.53179650238474,0,2
59,3,9072,538.0,397.0,1.0,1.146863176037701,0.665128375533855,1.0,0.4897959183673469,0.31764590677514287,130.20186955506594,156.7801007781281,41.340053217188775,13.831599586877816,11.661903789690601,106.09646952580005,97.22551574090836,31.615110999668605,599.079999999998,0.7185458001663301,537.8581349206349,400.87566137566137,0,3
59,4,4928,356.0,554.0,1.0,1.1056634383157469,0.6825408617612889,1.0,0.5940928270042194,0.5524052266426026,94.97033702769401,105.3612832116238,31.240998703626616,10.951602885062208,9.433981132056603,72.68337571669403,69.408827138514,-84.1054232721762,334.81999999999914,0.8345469940728196,352.7384334415584,555.9673295454545,0,4
59,5,3070,728.0,593.0,1.0,1.2543420260072107,0.6691484894685187,1.0,0.4438982070561018,0.38502687410522873,79.38978771069777,94.5568612000208,21.95449840010015,7.525313587808469,6.4031242374328485,68.37120258553654,58.99683156573381,-11.583397241014065,316.5399999999992,0.7672122953892291,724.0368078175895,593.829315960912,0,5
59,6,22661,629.0,675.0,1.0,1.3571699534862252,0.7691711815936255,1.0,0.468618814235788,0.23873167176441543,235.33386669409268,258.1937257177254,55.0,18.80455070121362,15.652475842498529,179.01674054083918,150.38841185015332,-34.134688524942916,1092.1679999999965,0.680306214350045,595.9147875204095,689.3598252504303,0,6
59,7,7589,666.0,772.0,1.0,1.246289788147751,0.6185371782483372,1.0,0.3817404426559356,0.13688322842850892,121.82839461846552,143.56183336806478,32.2490309931942,9.386358763034028,7.0710678118654755,104.63650465901239,95.72733526304746,-29.743972145107403,834.6839999999968,0.6226105504963493,672.3921465278693,776.7443668467519,0,7
59,8,2586,970.0,966.0,1.0,1.972279808475211,0.738279390503108,1.0,0.3709122203098107,0.13163255828660755,94.35435413822469,112.53888216967503,13.601470508735444,4.288270171807586,3.605551275463989,76.84334714209162,63.64154264976729,-40.74278240363387,496.86399999999844,0.5012113576896986,962.6345707656612,959.6960556844548,0,8
60,1,3313,203.0,167.0,1.0,2.46776998609216,0.93470097587342,1.0,0.2577808901338313,0.2556496521485973,135.73077281241015,129.61867149450345,15.297058540778355,5.676720946459189,5.0,58.565160708227275,48.243476108578896,51.21089540324584,403.5459999999988,0.5334943639291465,185.94959251433747,141.87564141261697,0,1
60,2,3079,815.0,192.0,1.0,1.5793705356982852,0.7384374616638796,1.0,0.2530407626561473,0.15738032914869088,92.14191835249514,121.26417442921878,21.02379604162864,6.234419566175045,5.0,90.18727227536046,62.133319628839125,69.76862000289768,495.8319999999984,0.39540259406703476,818.3497888924976,194.65995453069178,0,2
60,3,2494,705.0,219.0,1.0,2.149113431880776,0.7491198626518872,1.0,0.1681159420289855,0.17410753650709426,97.26309577616058,145.89036979869508,17.69180601295413,5.468496311268427,4.242640687119285,82.98408782397395,64.43042761937794,41.97071944692466,424.2719999999989,0.4043122314987436,702.8083400160385,217.42461908580594,0,3
60,4,6804,443.0,247.0,1.0,1.799089292913902,0.7975558068618264,1.0,0.3,0.15588250314886282,150.9110131396602,186.59046063504962,26.0,8.149188161177289,6.708203932499369,133.32392624612797,91.0363397528726,-73.03295692422087,740.6079999999974,0.42532974932799905,443.3380364491476,226.92592592592592,0,4
60,5,2976,193.0,228.0,1.0,1.5800393361784333,0.8854441094110131,1.0,0.42556842556842556,0.30639138053068615,99.09924597561572,110.04090148667449,18.788294228055936,6.481392922512627,5.656854249492381,59.69694657498814,46.05596586591975,87.40043580229793,349.36799999999926,0.6948400653747373,194.05443548387098,237.0722446236559,0,5
60,6,4322,333.0,724.0,1.0,1.1165456165695264,0.648628045711033,1.0,0.5221698683097741,0.484382932474235,88.09603041293278,98.08669634563088,28.0178514522438,9.76684489877964,8.246211251235321,70.48458051603544,67.05037768466674,40.89351532884202,334.8519999999991,0.7902002011152757,329.41855622397037,722.4766311892643,0,6
60,7,8070,442.0,739.0,1.0,1.4169934729960807,0.8149468930171073,1.0,0.3673190714610833,0.2864407942483824,147.38525581370834,176.61823235442031,32.01562118716424,11.340498580008447,9.433981132056603,94.00680826408266,85.41500900362671,52.57417319959246,595.009999999998,0.66617137196632,433.0853779429988,735.6779429987608,0,7
60,8,4519,1187.0,940.0,1.0,1.3174659369804516,0.4601718539341443,1.0,0.39525933700690985,0.1762084200249193,91.94638637666901,119.6202324023825,22.090722034374522,6.324738775336735,5.0990195135927845,87.95525718065628,81.63274757935034,41.800266556157965,567.6919999999983,0.6030157459300773,1190.4558530648374,950.1084310688206,0,8
